_id,titulo,views,fecha,user
6690e40eb9339c7f06db7dd5,Amaia - Nanai,393 K visualizaciones,hace 3 semanas,@amaiaromero
6690e40eb9339c7f06db7dd6,Amaia - Santos Que Yo Te Pinte (Live | Vevo Studio Performance),158 K visualizaciones,hace 2 a√±os,@amaiaromero
6690e40eb9339c7f06db7dd7,Amaia - La Vida Imposible (Live | Vevo Studio Performance),193 K visualizaciones,hace 2 a√±os,@amaiaromero
6690e40eb9339c7f06db7dd8,"Amaia, Aitana - La Canci√≥n Que No Quiero Cantarte","2,3 M de visualizaciones",hace 2 a√±os,@amaiaromero
6690e40eb9339c7f06db7dd9,Amaia - Bienvenidos Al Show,"1,7 M de visualizaciones",hace 2 a√±os,@amaiaromero
6690e40eb9339c7f06db7dda,Amaia - Yamaguchi,929 K visualizaciones,hace 2 a√±os,@amaiaromero
6690e40eb9339c7f06db7ddb,"Amaia, Rojuu - Quiero Pero No","1,4 M de visualizaciones",hace 2 a√±os,@amaiaromero
6690e40eb9339c7f06db7ddc,Yo Invito (As√≠ se hizo),45 K visualizaciones,hace 2 a√±os,@amaiaromero
6690e40eb9339c7f06db7ddd,Amaia - Yo Invito,"2,4 M de visualizaciones",hace 2 a√±os,@amaiaromero
6690e40eb9339c7f06db7dde,Amaia - Nuevo Verano (V√≠deo Animado),616 K visualizaciones,hace 3 a√±os,@amaiaromero
6690e40eb9339c7f06db7ddf,Amaia - Quiero Que Vengas,"2,2 M de visualizaciones",hace 4 a√±os,@amaiaromero
6690e40eb9339c7f06db7de0,Amaia - Quedar√° En Nuestra Mente,"3,3 M de visualizaciones",hace 4 a√±os,@amaiaromero
6690e40eb9339c7f06db7de1,Amaia - Nadie Podr√≠a Hacerlo - Live Performance | Vevo,341 K visualizaciones,hace 5 a√±os,@amaiaromero
6690e40eb9339c7f06db7de2,Amaia - El Rel√°mpago - Live Performance | Vevo,407 K visualizaciones,hace 5 a√±os,@amaiaromero
6690e40eb9339c7f06db7de3,Amaia - Nadie Podr√≠a Hacerlo,"1,3 M de visualizaciones",hace 5 a√±os,@amaiaromero
6690e40eb9339c7f06db7de4,Amaia - El Rel√°mpago,"5,4 M de visualizaciones",hace 5 a√±os,@amaiaromero
6690e40eb9339c7f06db7de5,Amaia - Un Nuevo Lugar (Making Of),125 K visualizaciones,hace 5 a√±os,@amaiaromero
6690e40eb9339c7f06db7de6,Amaia - Un Nuevo Lugar,"2,7 M de visualizaciones",hace 5 a√±os,@amaiaromero
6690e40eb9339c7f06db7de7,18/12/18,36 K visualizaciones,hace 5 a√±os,@amaiaromero
6690e72bb9339c7f06db7dea,Bel√©n Aguilera - Como en un Drama Italiano,200 K visualizaciones,hace 2 semanas,@belen_aguilera
6690e72bb9339c7f06db7deb,"Bel√©n Aguilera, Julieta - THELMA & LOUISE",350 K visualizaciones,hace 4 meses,@belen_aguilera
6690e72bb9339c7f06db7dec,Bel√©n Aguilera - LOLITA,524 K visualizaciones,hace 5 meses,@belen_aguilera
6690e72bb9339c7f06db7ded,Bel√©n Aguilera - MR HYDE,150 K visualizaciones,hace 7 meses,@belen_aguilera
6690e72bb9339c7f06db7dee,Bel√©n Aguilera - QUI√âN SOY (Lyric Video),116 K visualizaciones,hace 1 a√±o,@belen_aguilera
6690e72bb9339c7f06db7def,Bel√©n Aguilera - LIC√ÅNTROPO,518 K visualizaciones,hace 1 a√±o,@belen_aguilera
6690e72bb9339c7f06db7df0,Bel√©n Aguilera - ILUSI√ìN √ìPTICA (Visualizer),293 K visualizaciones,hace 1 a√±o,@belen_aguilera
6690e72bb9339c7f06db7df1,Bel√©n Aguilera - NADIE ME HA PREGUNTADO (Visualizer),103 K visualizaciones,hace 1 a√±o,@belen_aguilera
6690e72bb9339c7f06db7df2,Bel√©n Aguilera & Pimp Flaco - PAS,331 K visualizaciones,hace 1 a√±o,@belen_aguilera
6690e72bb9339c7f06db7df3,Bel√©n Aguilera - GALGO (Visualizer),497 K visualizaciones,hace 1 a√±o,@belen_aguilera
6690e72bb9339c7f06db7df4,Bel√©n Aguilera & KICKBOMBO - COPILOTO,843 K visualizaciones,hace 1 a√±o,@belen_aguilera
6690e72bb9339c7f06db7df5,Bel√©n Aguilera - Antagonista,5 M de visualizaciones,hace 2 a√±os,@belen_aguilera
6690e72bb9339c7f06db7df6,Bel√©n Aguilera - V√âRTIGO,868 K visualizaciones,hace 2 a√±os,@belen_aguilera
6690e72bb9339c7f06db7df7,Bel√©n Aguilera - INTELIGENCIA EMOCIONAL (lyric video),768 K visualizaciones,hace 2 a√±os,@belen_aguilera
6690e72bb9339c7f06db7df8,Bel√©n Aguilera - Camuflo (Live Performance) | Vevo,69 K visualizaciones,hace 2 a√±os,@belen_aguilera
6690e72bb9339c7f06db7df9,Bel√©n Aguilera - Camale√≥n (Live Performance) | Vevo,153 K visualizaciones,hace 2 a√±os,@belen_aguilera
6690e72bb9339c7f06db7dfa,Bel√©n Aguilera - CAMALE√ìN,"2,3 M de visualizaciones",hace 2 a√±os,@belen_aguilera
6690e72bb9339c7f06db7dfb,SUPERPOP TOUR - Bel√©n Aguilera,"9,2 K visualizaciones",hace 2 a√±os,@belen_aguilera
6690e72bb9339c7f06db7dfc,Bel√©n Aguilera - Tirando de Carrete,488 K visualizaciones,hace 2 a√±os,@belen_aguilera
6690e72bb9339c7f06db7dfd,Bel√©n Aguilera - Cristal,676 K visualizaciones,hace 3 a√±os,@belen_aguilera
6690e72bb9339c7f06db7dfe,Bel√©n Aguilera & Walls - Fuck Off,509 K visualizaciones,hace 3 a√±os,@belen_aguilera
6690e72bb9339c7f06db7dff,Bel√©n Aguilera & Lola Indigo - La Tirita,"8,8 M de visualizaciones",hace 3 a√±os,@belen_aguilera
6690e72bb9339c7f06db7e00,La Tirita (Teaser) - Bel√©n Aguilera & Lola Indigo,50 K visualizaciones,hace 3 a√±os,@belen_aguilera
6690e72bb9339c7f06db7e01,Bel√©n Aguilera - M√≠a (Unplugged),288 K visualizaciones,hace 3 a√±os,@belen_aguilera
6690e72bb9339c7f06db7e02,REPUBLICANAS - Bel√©n Aguilera,740 K visualizaciones,hace 4 a√±os,@belen_aguilera
6690e72bb9339c7f06db7e03,Bel√©n Aguilera - Diferente,356 K visualizaciones,hace 4 a√±os,@belen_aguilera
6690e72bb9339c7f06db7e04,Bel√©n Aguilera - Tu Piel (Cover Art),177 K visualizaciones,hace 4 a√±os,@belen_aguilera
6690e72bb9339c7f06db7e05,Bel√©n Aguilera - B√∫nker (Lyric Video),249 K visualizaciones,hace 4 a√±os,@belen_aguilera
6690e72bb9339c7f06db7e06,M√çA - Bel√©n Aguilera INSTRUMENTAL,94 K visualizaciones,hace 4 a√±os,@belen_aguilera
6690e72bb9339c7f06db7e07,M√çA - Bel√©n Aguilera,"2,4 M de visualizaciones",hace 4 a√±os,@belen_aguilera
6690e72bb9339c7f06db7e08,Bel√©n Aguilera - T'estimo,916 K visualizaciones,hace 4 a√±os,@belen_aguilera
6690e72bb9339c7f06db7e09,JAQUE AL REY - Bel√©n Aguilera feat. Edurne,561 K visualizaciones,hace 4 a√±os,@belen_aguilera
6690e72bb9339c7f06db7e0a,Bel√©n Aguilera - S√ÅLVAME T√ö (videoclip oficial),659 K visualizaciones,hace 5 a√±os,@belen_aguilera
6690e72bb9339c7f06db7e0b,Bel√©n Aguilera - JAQUE AL REY,2 M de visualizaciones,hace 5 a√±os,@belen_aguilera
6690e72bb9339c7f06db7e0c,Tus Monstruos - Bel√©n Aguilera feat Raoul Vazquez (Videoclip Oficial),2 M de visualizaciones,hace 5 a√±os,@belen_aguilera
6690e72bb9339c7f06db7e0d,Bel√©n Aguilera - Tus Monstruos (Videoclip Oficial),933 K visualizaciones,hace 5 a√±os,@belen_aguilera
6690eb45b9339c7f06db7ea2,"Nicki Nicole, SAIKO - PERROS&GATA$ (Official Video)","1,5 M de visualizaciones",hace 2 semanas,@NickiNicoleOk
6690eb45b9339c7f06db7ea3,Nicki Nicole - Ll√°mame (Official Video),"2,8 M de visualizaciones",hace 1 mes,@NickiNicoleOk
6690eb45b9339c7f06db7ea4,Nicki Nicole - Ojos Verdes (Official Video),28 M de visualizaciones,hace 2 meses,@NickiNicoleOk
6690eb45b9339c7f06db7ea5,Nicki Nicole - TIENES MI ALMA (Official Video),"1,3 M de visualizaciones",hace 6 meses,@NickiNicoleOk
6690eb45b9339c7f06db7ea6,"Nicki Nicole, Bad Gyal - Enam√≥rate (Official Video)",9 M de visualizaciones,hace 7 meses,@NickiNicoleOk
6690eb45b9339c7f06db7ea7,Nicki Nicole - El Documental de ALMA (Parte 2),223 K visualizaciones,hace 10 meses,@NickiNicoleOk
6690eb45b9339c7f06db7ea8,Nicki Nicole - El Documental de ALMA (Parte 1),511 K visualizaciones,hace 11 meses,@NickiNicoleOk
6690eb45b9339c7f06db7ea9,"Nicki Nicole, Young Miko - 8 AM (Official Video)",105 M de visualizaciones,hace 1 a√±o,@NickiNicoleOk
6690eb45b9339c7f06db7eaa,ANUNCIO.,296 K visualizaciones,hace 1 a√±o,@NickiNicoleOk
6690eb45b9339c7f06db7eab,Nicki Nicole - Se va 1 llegan 2 (Official Video),"9,3 M de visualizaciones",hace 1 a√±o,@NickiNicoleOk
6690eb45b9339c7f06db7eac,Nicki Nicole - Ya No (Official Video),"3,2 M de visualizaciones",hace 1 a√±o,@NickiNicoleOk
6690eb45b9339c7f06db7ead,Nicki Nicole - Tuyo (Cover) - una que quise hacer (Official Video),"2,1 M de visualizaciones",hace 1 a√±o,@NickiNicoleOk
6690eb45b9339c7f06db7eae,Nicki Nicole - Ll√°mame (Audio),"1,9 M de visualizaciones",hace 1 a√±o,@NickiNicoleOk
6690eb45b9339c7f06db7eaf,Nicki Nicole - Tuyo (Cover) - una que quise hacer (Audio),262 K visualizaciones,hace 1 a√±o,@NickiNicoleOk
6690eb45b9339c7f06db7eb0,"Nicki Nicole, Young Miko - 8 AM (Official Lyric Video)","4,4 M de visualizaciones",hace 1 a√±o,@NickiNicoleOk
6690eb45b9339c7f06db7eb1,Nicki Nicole - Ya No (Audio),354 K visualizaciones,hace 1 a√±o,@NickiNicoleOk
6690eb45b9339c7f06db7eb2,"Nicki Nicole, YSY A - CAEN LAS ESTRELLAS (Official Video)",12 M de visualizaciones,hace 1 a√±o,@NickiNicoleOk
6690eb45b9339c7f06db7eb3,Nicki Nicole - Se va 1 llegan 2 (Audio),493 K visualizaciones,hace 1 a√±o,@NickiNicoleOk
6690eb45b9339c7f06db7eb4,Nicki Nicole - TIENES MI ALMA (Audio),747 K visualizaciones,hace 1 a√±o,@NickiNicoleOk
6690eb45b9339c7f06db7eb5,"Nicki Nicole, Milo J - DISPARA *** (Official Video)",138 M de visualizaciones,hace 1 a√±o,@NickiNicoleOk
6690eb45b9339c7f06db7eb6,"Nicki Nicole, Rels B - qu√© le pasa conmigo? (Official Video)",56 M de visualizaciones,hace 1 a√±o,@NickiNicoleOk
6690eb45b9339c7f06db7eb7,Nicki Nicole - NO voy a llorar :') (Official Video),33 M de visualizaciones,hace 1 a√±o,@NickiNicoleOk
6690eb45b9339c7f06db7eb8,Nicki Nicole - Fr√≠o (Official Video),17 M de visualizaciones,hace 1 a√±o,@NickiNicoleOk
6690eb45b9339c7f06db7eb9,Nicki Nicole - Nobody Like Yo (Official Video),"9,7 M de visualizaciones",hace 1 a√±o,@NickiNicoleOk
6690eb45b9339c7f06db7eba,"Nicki Nicole, Trueno, Bizarrap - Dangerous (Official Video)",21 M de visualizaciones,hace 2 a√±os,@NickiNicoleOk
6690eb45b9339c7f06db7ebb,"Nicki Nicole, Trueno, Bizarrap - Dangerous (Official Lyric Video)","4,7 M de visualizaciones",hace 2 a√±os,@NickiNicoleOk
6690eb45b9339c7f06db7ebc,Nicki Nicole - Perdido (Official Lyric Video),"4,1 M de visualizaciones",hace 2 a√±os,@NickiNicoleOk
6690eb45b9339c7f06db7ebd,Nicki Nicole - LL (Interludio) (Official Lyric Video),618 K visualizaciones,hace 2 a√±os,@NickiNicoleOk
6690eb45b9339c7f06db7ebe,Nicki Nicole - Darling (Official Lyric Video),"1,5 M de visualizaciones",hace 2 a√±os,@NickiNicoleOk
6690eb45b9339c7f06db7ebf,"Nicki Nicole, Ptazeta, Snow Tha Product - Tengo To (Official Lyric Video)","3,2 M de visualizaciones",hace 2 a√±os,@NickiNicoleOk
6690eb45b9339c7f06db7ec0,Nicki Nicole - Si Vos Me Lo Ped√≠s (Official Lyric Video),"2,8 M de visualizaciones",hace 2 a√±os,@NickiNicoleOk
6690eb45b9339c7f06db7ec1,"Nicki Nicole, Tiago PZK - Dame (Official Lyric Video)",6 M de visualizaciones,hace 2 a√±os,@NickiNicoleOk
6690eb45b9339c7f06db7ec2,"Nicki Nicole, Rauw Alejandro - Sabe (Official Video)",58 M de visualizaciones,hace 2 a√±os,@NickiNicoleOk
6690eb45b9339c7f06db7ec3,"Nicki Nicole, Mon Laferte - Pensamos (Official Lyric Video)","5,9 M de visualizaciones",hace 2 a√±os,@NickiNicoleOk
6690eb45b9339c7f06db7ec4,Nicki Nicole - Baby (Official Video),14 M de visualizaciones,hace 2 a√±os,@NickiNicoleOk
6690eb45b9339c7f06db7ec5,Nicki Nicole - Parte de M√≠ (Official Video),12 M de visualizaciones,hace 2 a√±os,@NickiNicoleOk
6690eb45b9339c7f06db7ec6,"Nicki Nicole, Mora - Toa la Vida (Official Video)",53 M de visualizaciones,hace 2 a√±os,@NickiNicoleOk
6690eb45b9339c7f06db7ec7,"Nicki Nicole, Lunay - The Making of 'No Toque Mi Naik' (Vevo Footnotes)",438 K visualizaciones,hace 2 a√±os,@NickiNicoleOk
6690eb45b9339c7f06db7ec8,"Nicki Nicole, Delaossa - Me Has Dejado (Official Video)",17 M de visualizaciones,hace 3 a√±os,@NickiNicoleOk
6690eb45b9339c7f06db7ec9,"Nicki Nicole, Lunay - No Toque Mi Naik (Official Video)",33 M de visualizaciones,hace 3 a√±os,@NickiNicoleOk
6690eb45b9339c7f06db7eca,"Nicki Nicole, Dread Mar I, Bizarrap - Verte (Official Video)",75 M de visualizaciones,hace 3 a√±os,@NickiNicoleOk
6690eb45b9339c7f06db7ecb,Nicki Nicole ‚Äì Plegarias (Ac√∫stico Premios Gardel 2020),40 M de visualizaciones,hace 3 a√±os,@NickiNicoleOk
6690eb45b9339c7f06db7ecc,Nicki Nicole - Mala Vida (Official Video),36 M de visualizaciones,hace 3 a√±os,@NickiNicoleOk
6690eb45b9339c7f06db7ecd,Nicki Nicole - Colocao (Backstage / Behind The Scenes),"1,4 M de visualizaciones",hace 4 a√±os,@NickiNicoleOk
6690eb45b9339c7f06db7ece,Nicki Nicole - Colocao (Video Oficial),175 M de visualizaciones,hace 4 a√±os,@NickiNicoleOk
6690eb45b9339c7f06db7ecf,Nicki Nicole - Mis Recuerdos #Recuerdos,"2,3 M de visualizaciones",hace 4 a√±os,@NickiNicoleOk
6690eb45b9339c7f06db7ed0,Nicki Nicole - Diva (Video Oficial),20 M de visualizaciones,hace 4 a√±os,@NickiNicoleOk
6690eb45b9339c7f06db7ed1,Nicki Nicole - 7 Lunas,11 M de visualizaciones,hace 4 a√±os,@NickiNicoleOk
6690eb45b9339c7f06db7ed2,Nicki Nicole - Recuerdos,12 M de visualizaciones,hace 4 a√±os,@NickiNicoleOk
6690eb45b9339c7f06db7ed3,Nicki Nicole - Plegarias,90 M de visualizaciones,hace 4 a√±os,@NickiNicoleOk
6690eb45b9339c7f06db7ed4,Nicki Nicole - Tras Vos,28 M de visualizaciones,hace 4 a√±os,@NickiNicoleOk
6690eb45b9339c7f06db7ed5,"Nicki Nicole, Duki - Shorty",20 M de visualizaciones,hace 4 a√±os,@NickiNicoleOk
6690eb45b9339c7f06db7ed6,Nicki Nicole - Me Gusta,58 M de visualizaciones,hace 4 a√±os,@NickiNicoleOk
6690eb45b9339c7f06db7ed7,"Nicki Nicole, Cazzu - C√≥mo D√≠melo",38 M de visualizaciones,hace 4 a√±os,@NickiNicoleOk
6690eb45b9339c7f06db7ed8,Nicki Nicole - Nos Encontramos,10 M de visualizaciones,hace 4 a√±os,@NickiNicoleOk
6690eb45b9339c7f06db7ed9,Nicki Nicole - F**cking Diablo (Video Oficial),15 M de visualizaciones,hace 4 a√±os,@NickiNicoleOk
6690eb45b9339c7f06db7eda,Nicki Nicole - A√±os Luz ‚ú® (Video Oficial),69 M de visualizaciones,hace 4 a√±os,@NickiNicoleOk
6690eb45b9339c7f06db7edb,Nicki Nicole - Wapo Traketero (Video Oficial),161 M de visualizaciones,hace 5 a√±os,@NickiNicoleOk
669d8b50b9339c7f06db7ee2,PROBLEMAS PSICOL√ìGICOS M√ÅS COMUNES HOY EN D√çA | Claudia Nicolasa Psicolog√≠a,31 K visualizaciones,hace 4 d√≠as,@ClaudiaNicolasa
669d8b50b9339c7f06db7ee3,AMY WINEHOUSE | AN√ÅLISIS PSICOL√ìGICO | Claudia Nicolasa Psicolog√≠a,99 K visualizaciones,hace 3 semanas,@ClaudiaNicolasa
669d8b50b9339c7f06db7ee4,PSIC√ìLOGA ANALIZA INSIDE OUT 2 | INTENSAMENTE | DEL REV√âS,252 K visualizaciones,hace 1 mes,@ClaudiaNicolasa
669d8b50b9339c7f06db7ee5,C√≥mo CAMBIAR TUS H√ÅBITOS y GANAR AUTOESTIMA | Claudia Nicolasa Psicolog√≠a,88 K visualizaciones,hace 1 mes,@ClaudiaNicolasa
669d8b50b9339c7f06db7ee6,PSIC√ìLOGA ANALIZA el MON√ìLOGO REAL de la SERIE BEB√â RENO | MI RENO DE PELUCHE,81 K visualizaciones,hace 1 mes,@ClaudiaNicolasa
669d8b50b9339c7f06db7ee7,PSIC√ìLOGA ANALIZA EL REY DEL CACHOPO | C√âSAR ROM√ÅN de NETFLIX,129 K visualizaciones,hace 2 meses,@ClaudiaNicolasa
669d8b50b9339c7f06db7ee8,Por qu√© NO DEBES IDOLATRAR a OTRAS PERSONAS | Claudia Nicolasa Psicolog√≠a | Blockout2024,108 K visualizaciones,hace 2 meses,@ClaudiaNicolasa
669d8b50b9339c7f06db7ee9,PSIC√ìLOGA ANALIZA la ENTREVISTA a LA ACOSADORA de BEB√â RENO | Fiona Harvey,430 K visualizaciones,hace 2 meses,@ClaudiaNicolasa
669d8b50b9339c7f06db7eea,La PSICOLOG√çA OSCURA de BEB√â RENO | Mi Reno de Peluche (Netflix) | Claudia Nicolasa Psicolog√≠a,130 K visualizaciones,hace 2 meses,@ClaudiaNicolasa
669d8b50b9339c7f06db7eeb,PSIC√ìLOGA ANALIZA BEB√â RENO | MI RENO DE PELUCHE (NETFLIX) | Claudia Nicolasa Psicolog√≠a,357 K visualizaciones,hace 2 meses,@ClaudiaNicolasa
669d8b50b9339c7f06db7eec,7 LECCIONES que TRABAJAR COMO PSIC√ìLOGA me ha dado | Claudia Nicolasa Psicolog√≠a,27 K visualizaciones,hace 3 meses,@ClaudiaNicolasa
669d8b50b9339c7f06db7eed,PSIC√ìLOGA ANALIZA MENSAJES de LLADOS (muy peligroso),301 K visualizaciones,hace 3 meses,@ClaudiaNicolasa
669d8b50b9339c7f06db7eee,PSIC√ìLOGA SE INFILTRA en la ¬øSECTA? de LLADOS (MUY GRAVE),"1,6 M de visualizaciones",hace 3 meses,@ClaudiaNicolasa
669d8b50b9339c7f06db7eef,¬øPor qu√© HE ESTADO MAL? Mi proceso de BURNOUT | Claudia Nicolasa,77 K visualizaciones,hace 3 meses,@ClaudiaNicolasa
669d8b50b9339c7f06db7ef0,PSIC√ìLOGA ANALIZA la HOGUERA de MARIETA y ALEX en La Isla de las Tentaciones 7 | Claudia Nicolasa,92 K visualizaciones,hace 4 meses,@ClaudiaNicolasa
669d8b50b9339c7f06db7ef1,PSIC√ìLOGA ANALIZA la HOGUERA de RUTH y NIKO | La Isla de las Tentaciones 7 üçéüêç,116 K visualizaciones,hace 4 meses,@ClaudiaNicolasa
669d8b50b9339c7f06db7ef2,BOMBERO EXPLICA QU√â HACER ANTE UN INCENDIO | Claudia Nicolasa Psicolog√≠a,17 K visualizaciones,hace 4 meses,@ClaudiaNicolasa
669d8b50b9339c7f06db7ef3,MI NUEVO PROYECTO PARA 2024 üß† Mindhunt Pro,"4,8 K visualizaciones",hace 5 meses,@ClaudiaNicolasa
669d8b50b9339c7f06db7ef4,POR QU√â TENEMOS RELACIONES T√ìXICAS CUANDO SOMOS J√ìVENES? ‚ù§Ô∏è‚Äçüî• Claudia Nicolasa Psicolog√≠a,52 K visualizaciones,hace 5 meses,@ClaudiaNicolasa
669d8b50b9339c7f06db7ef5,PSIC√ìLOGA ANALIZA la HOGUERA de ANDREA Y √ÅLVARO üçéüêç La Isla de las Tentaciones 7,117 K visualizaciones,hace 6 meses,@ClaudiaNicolasa
669d8b50b9339c7f06db7ef6,PSIC√ìLOGA ANALIZA BERL√çN | El AMOR NARCISISTA y su CONQUISTA ‚ù§Ô∏è‚Äçüî• Claudia Nicolasa Psicolog√≠a,29 K visualizaciones,hace 6 meses,@ClaudiaNicolasa
669d8b50b9339c7f06db7ef7,PSIC√ìLOGA ANALIZAS las PAREJAS de LA ISLA DE LAS TENTACIONES 7 üçéüêç Claudia Nicolasa Psicolog√≠a,136 K visualizaciones,hace 6 meses,@ClaudiaNicolasa
669d8b50b9339c7f06db7ef8,El MEJOR CONSEJO que TE PUEDO DAR | Claudia Nicolasa Psicolog√≠a,66 K visualizaciones,hace 6 meses,@ClaudiaNicolasa
669d8b50b9339c7f06db7ef9,LA DEPRESI√ìN NARCISISTA | La TRAMPA PSICOL√ìGICA en la que TODOS PODEMOS CAER,85 K visualizaciones,hace 7 meses,@ClaudiaNicolasa
669d8b50b9339c7f06db7efa,PSIC√ìLOGA ANALIZA a WILLY WONKA | El TRASTORNO ESQUIZOT√çPICO | Claudia Nicolasa Psicolog√≠a,31 K visualizaciones,hace 7 meses,@ClaudiaNicolasa
669d8b50b9339c7f06db7efb,El PERFIL PSICOL√ìGICO de NAPOLE√ìN BONAPARTE | Claudia Nicolasa Psicolog√≠a,27 K visualizaciones,hace 7 meses,@ClaudiaNicolasa
669d8b50b9339c7f06db7efc,TRASTORNOS M√ÅS COMUNES EN PSIC√ìLOGOS üò± ¬øQu√© problemas tenemos? | Claudia Nicolasa Psicolog√≠a,58 K visualizaciones,hace 7 meses,@ClaudiaNicolasa
669d8b50b9339c7f06db7efd,EVITA ESTOS ERRORES CON TU PAREJA | C√≥mo comunicarse en pareja | Claudia Nicolasa Psicolog√≠a,42 K visualizaciones,hace 8 meses,@ClaudiaNicolasa
669d8b50b9339c7f06db7efe,PSIC√ìLOGA ANALIZA el AUGE de RELACIONES ABIERTAS y POLIAMOR,55 K visualizaciones,hace 8 meses,@ClaudiaNicolasa
669d8b50b9339c7f06db7eff,TRASTORNO L√çMITE DE LA PERSONALIDAD o DEPENDIENTE? 6 Claves para diferenciarlos,35 K visualizaciones,hace 8 meses,@ClaudiaNicolasa
669d8b50b9339c7f06db7f00,7 CLAVES PARA TU DESARROLLO PERSONAL | Claudia Nicolasa Psicolog√≠a,64 K visualizaciones,hace 9 meses,@ClaudiaNicolasa
669d8b50b9339c7f06db7f01,PSIC√ìLOGA REACCIONA a LOS ATAQUES a una TATUADORA | Claudia Nicolasa,84 K visualizaciones,hace 9 meses,@ClaudiaNicolasa
669d8b50b9339c7f06db7f02,RICKY EDIT y SU RELACI√ìN T√ìXICA üíî PSIC√ìLOGA LO ANALIZA | Se√±ales de Relaci√≥n T√≥xica,76 K visualizaciones,hace 9 meses,@ClaudiaNicolasa
669d8b50b9339c7f06db7f03,MASTERCLASS en PSICOPAT√çA | C√≥mo identificar a un psic√≥pata + PLAZAS ABIERTAS MINDHUNT ACADEMY,30 K visualizaciones,hace 9 meses,@ClaudiaNicolasa
669d8b50b9339c7f06db7f04,AN√ÅLISIS de LENGUAJE NO VERBAL en la REPORTERA AGREDIDA SEXVALMENTE | Claudia Nicolasa Psicolog√≠a,60 K visualizaciones,hace 9 meses,@ClaudiaNicolasa
669d8b50b9339c7f06db7f05,PSIC√ìLOGA ANALIZA EL CUERPO EN LLAMAS | Perfil psicol√≥gico de Rosa Peral y Albert,185 K visualizaciones,hace 10 meses,@ClaudiaNicolasa
669d8b50b9339c7f06db7f06,QU√â HACER SI NO QUIERE NADA SERIO üò• Psicolog√≠a Claudia Nicolasa,48 K visualizaciones,hace 10 meses,@ClaudiaNicolasa
669d8b50b9339c7f06db7f07,"Soy MACHISTA, Soy FEMINAZ1, Defiendo a RUBIALES y Defiendo a JENNI HERMOSO",83 K visualizaciones,hace 10 meses,@ClaudiaNicolasa
669d8b50b9339c7f06db7f08,PSIC√ìLOGA ANALIZA el CASO RUBIALES y JENNI,215 K visualizaciones,hace 10 meses,@ClaudiaNicolasa
669d8b50b9339c7f06db7f09,El PERFIL PSICOL√ìGICO del CONCURSANTE de FIRST DATES ACUSADO de ASES1N4T0,321 K visualizaciones,hace 10 meses,@ClaudiaNicolasa
669d8b50b9339c7f06db7f0a,PSIC√ìLOGA REACCIONA a FIRST DATES üò≥ Red Flags y Manipulaci√≥n,272 K visualizaciones,hace 11 meses,@ClaudiaNicolasa
669d8b50b9339c7f06db7f0b,PSIC√ìLOGA ANALIZA BARBIE y los MENSAJES DE LA PEL√çCULA | Claudia Nicolasa,58 K visualizaciones,hace 11 meses,@ClaudiaNicolasa
669d8b50b9339c7f06db7f0c,MANIPULACI√ìN e INFIDELIDAD üò± Cu√°ndo NO PERDONAR una INFIDELIDAD,57 K visualizaciones,hace 11 meses,@ClaudiaNicolasa
669d8b50b9339c7f06db7f0d,PSIC√ìLOGA ANALIZA FALSO AMOR NETFLIX | El REALITY M√ÅS CRUEL üò±,52 K visualizaciones,hace 11 meses,@ClaudiaNicolasa
669d8b50b9339c7f06db7f0e,As√≠ fue NUESTRO EVENTO DE PSICOLOG√çA y RELACIONES DE PAREJA ‚ù§Ô∏è Hasta que el Inconsciente nos Separe,6 K visualizaciones,hace 1 a√±o,@ClaudiaNicolasa
669d8b50b9339c7f06db7f0f,¬øNARCISISTA O HISTRI√ìNICO? 8 CLAVES para DISTINGUIRLOS | Claudia Nicolasa Psicolog√≠a,42 K visualizaciones,hace 1 a√±o,@ClaudiaNicolasa
669d8b50b9339c7f06db7f10,PSIC√ìLOGA ANALIZA a PORTA - LUZ DE GAS | C√≥mo act√∫a un narcisista en pareja,33 K visualizaciones,hace 1 a√±o,@ClaudiaNicolasa
669d8b50b9339c7f06db7f11,PSIC√ìLOGA OPINA SOBRE El CONSUMO DE PORN0GRAF√çA,80 K visualizaciones,hace 1 a√±o,@ClaudiaNicolasa
669d8b50b9339c7f06db7f12,PSIC√ìLOGA ANALIZA COPA VAC√çA üíî SHAKIRA y SU AMOR NARCISISTA,369 K visualizaciones,hace 1 a√±o,@ClaudiaNicolasa
669d8b50b9339c7f06db7f13,SER INFIEL PARA SABOTEAR TU RELACI√ìN | Causa INCONSCIENTE de INFIDELIDAD muy desconocida üò±,31 K visualizaciones,hace 1 a√±o,@ClaudiaNicolasa
669d8b50b9339c7f06db7f14,C√ìMO AYUDAR a ALGUIEN en UNA RELACI√ìN T√ìXICA ‚ö†Ô∏è Claudia Nicolasa,30 K visualizaciones,hace 1 a√±o,@ClaudiaNicolasa
669d8b50b9339c7f06db7f15,PSIC√ìLOGA REACCIONA a LA CITA M√ÅS SUPERFICIAL de FIRST DATES ‚ù§Ô∏èüò≥,140 K visualizaciones,hace 1 a√±o,@ClaudiaNicolasa
669d8b50b9339c7f06db7f16,T√çMIDO o INTROVERTIDO? C√≥mo distinguirlos | Claudia Nicolasa,45 K visualizaciones,hace 1 a√±o,@ClaudiaNicolasa
669d8b50b9339c7f06db7f17,"As√≠ es TU PERSONALIDAD SEG√öN la PROFESI√ìN QUE ELIGES | Narcisista,Histri√≥nico,Obsesiva y Dependiente",38 K visualizaciones,hace 1 a√±o,@ClaudiaNicolasa
669d8b50b9339c7f06db7f18,POR QU√â LOS FAMOSOS SON M√ÅS INFIELES?,42 K visualizaciones,hace 1 a√±o,@ClaudiaNicolasa
669d8b50b9339c7f06db7f19,PSIC√ìLOGA ANALIZA ACR√ìSTICO de SHAKIRA | El SIGNIFICADO de la CANCI√ìN,292 K visualizaciones,hace 1 a√±o,@ClaudiaNicolasa
669d8b50b9339c7f06db7f1a,C√ìMO DISCUTIR EN PAREJA | 6 PASOS para SALVAR TU RELACI√ìN üß†,43 K visualizaciones,hace 1 a√±o,@ClaudiaNicolasa
669d8b50b9339c7f06db7f1b,PSIC√ìLOGA REACCIONA al REENCUENTRO de LYDIA y MANUELüçéüêçLa ISLA de las TENTACIONES,52 K visualizaciones,hace 1 a√±o,@ClaudiaNicolasa
669d8b50b9339c7f06db7f1c,PSIC√ìLOGA ANALIZA el REENCUENTRO de DAVID y ELENA‚Ääüçéüêç‚ÄäLenguaje no verbal y Detecci√≥n de mentiras,116 K visualizaciones,hace 1 a√±o,@ClaudiaNicolasa
669d8b50b9339c7f06db7f1d,PSIC√ìLOGA ANALIZA la HOGUERA de MARINA Y ALEXüî•,47 K visualizaciones,hace 1 a√±o,@ClaudiaNicolasa
669d8b50b9339c7f06db7f1e,PSIC√ìLOGA ANALIZA la HOGUERA de LAURA Y ALEJANDRO üî•,73 K visualizaciones,hace 1 a√±o,@ClaudiaNicolasa
669d8b50b9339c7f06db7f1f,ANALIZANDO MITOS del AMOR ROM√ÅNTICO üíî,54 K visualizaciones,hace 1 a√±o,@ClaudiaNicolasa
669d8b50b9339c7f06db7f20,ASESINO EN SERIE SALE DE LA C√ÅRCEL | El PERFIL PSICOL√ìGICO de Joaquin Ferrandiz,56 K visualizaciones,hace 1 a√±o,@ClaudiaNicolasa
669d8b50b9339c7f06db7f21,ELEGIR PAREJAS M√ÅS J√ìVENES | Risto Mejide y la pol√©mica del edadismo,93 K visualizaciones,hace 1 a√±o,@ClaudiaNicolasa
669d8b50b9339c7f06db7f22,MITOS SOBRE LA INFIDELIDAD üçéüêç ¬øPor qu√© somos infieles? | Claudia Nicolasa,54 K visualizaciones,hace 1 a√±o,@ClaudiaNicolasa
669d8b50b9339c7f06db7f23,PSIC√ìLOGA REACCI√ìNA a la HOGUERA de DAVID y ELENA üçéüêç La Isla De Las Tentaciones 6,343 K visualizaciones,hace 1 a√±o,@ClaudiaNicolasa
669d8b50b9339c7f06db7f24,PSIC√ìLOGA ANALIZA la RELACI√ìN de LAURA Y ALEJANDRO üçéüêç La ISLA De Las TENTACIONES 6,77 K visualizaciones,hace 1 a√±o,@ClaudiaNicolasa
669d8b50b9339c7f06db7f25,DIFERENCIAS PSICOL√ìGICAS en PACIENTES ESPA√ëOLES y LATINOS üß†,33 K visualizaciones,hace 1 a√±o,@ClaudiaNicolasa
669d8b50b9339c7f06db7f26,PSIC√ìLOGA ANALIZA la ENTREVISTA a SHAKIRA | Dependencia emocional y s√≠ndrome del impostor üò±,106 K visualizaciones,hace 1 a√±o,@ClaudiaNicolasa
669d8b50b9339c7f06db7f27,PSIC√ìLOGA ANALIZA LA CHICA DE NIEVE | Perfil del secuestrador y Secuelas en la v√≠ctima,24 K visualizaciones,hace 1 a√±o,@ClaudiaNicolasa
669d8b50b9339c7f06db7f28,PSIC√ìLOGA ANALIZA la INFIDELIDAD de ADRI√ÅN en La ISLA DE LAS TENTACIONES 6 üçéüêç,94 K visualizaciones,hace 1 a√±o,@ClaudiaNicolasa
669d8b50b9339c7f06db7f29,PSIC√ìLOGA ANALIZA TQG de SHAKIRA y KAROL G,191 K visualizaciones,hace 1 a√±o,@ClaudiaNicolasa
669d8b50b9339c7f06db7f2a,PSIC√ìLOGA ANALIZA TITANIC y LA RELACI√ìN DE JACK Y ROSE ‚ù§Ô∏è,39 K visualizaciones,hace 1 a√±o,@ClaudiaNicolasa
669d8b50b9339c7f06db7f2b,PSIC√ìLOGA REACCIONA a AURONPLAY y su OSCURO PASADO üò®,92 K visualizaciones,hace 1 a√±o,@ClaudiaNicolasa
669d8b50b9339c7f06db7f2c,CELOS PATOL√ìGICOS y CONTROL en PAREJA | C√≥mo saber si tu pareja te es fiel,61 K visualizaciones,hace 1 a√±o,@ClaudiaNicolasa
669d8b50b9339c7f06db7f2d,Hasta que el Inconsciente nos separe ‚ù§Ô∏è PRIMER EVENTO PRESENCIAL DE PSICOLOG√çA üß† Plazas Limitadas,"5,7 K visualizaciones",hace 1 a√±o,@ClaudiaNicolasa
669d8b50b9339c7f06db7f2e,PSIC√ìLOGA ANALIZA la INFIDELIDAD de DAVID | ABUSO O CONSENTIMIENTO?,165 K visualizaciones,hace 1 a√±o,@ClaudiaNicolasa
669d8b50b9339c7f06db7f2f,RELACIONES A DISTANCIA ‚ù§Ô∏è 6 TIPS de PSICOLOG√çA para que FUNCIONE,42 K visualizaciones,hace 1 a√±o,@ClaudiaNicolasa
669d8b50b9339c7f06db7f30,PSIC√ìLOGA REACCIONA al NARCISISTA DE FIRST DATES üò±,428 K visualizaciones,hace 1 a√±o,@ClaudiaNicolasa
669d8b50b9339c7f06db7f31,AN√ÅLISIS PSICOL√ìGICO del ASESINO en SERIE de EL PACIENTE (Disney +),22 K visualizaciones,hace 1 a√±o,@ClaudiaNicolasa
669d8b50b9339c7f06db7f32,CONSECUENCIAS de SUFRIR UNA INFIDELIDAD | C√≥mo superar una infidelidad,45 K visualizaciones,hace 1 a√±o,@ClaudiaNicolasa
669d8b50b9339c7f06db7f33,PSIC√ìLOGA ANALIZA a LAS PAREJAS de LA ISLA DE LAS TENTACIONES 6 üçéüêç,92 K visualizaciones,hace 1 a√±o,@ClaudiaNicolasa
669d8b50b9339c7f06db7f34,PSIC√ìLOGA ANALIZA el REENCUENTRO de CLAUDIA Y JAVI üçéüêç,91 K visualizaciones,hace 1 a√±o,@ClaudiaNicolasa
669d8b50b9339c7f06db7f35,PSIC√ìLOGA ANALIZA FLOWERS DE MILEY CYRUS y los MENSAJES ESCONDIDOS en el VIDEOCLIP üò±,99 K visualizaciones,hace 1 a√±o,@ClaudiaNicolasa
669d8b50b9339c7f06db7f36,PSIC√ìLOGA OPINA SOBRE LA EXPOSICI√ìN DE SHAKIRA HACIA PIQU√â BIZARRAP Music Sessions #53,99 K visualizaciones,hace 1 a√±o,@ClaudiaNicolasa
669d8b50b9339c7f06db7f37,PSIC√ìLOGA ANALIZA SHAKIRA BZRP | BIZARRAP Music Sessions #53,557 K visualizaciones,hace 1 a√±o,@ClaudiaNicolasa
669d8b50b9339c7f06db7f38,GHOSTING: POR QU√â OCURRE y C√ìMO SUPERARLO,83 K visualizaciones,hace 1 a√±o,@ClaudiaNicolasa
669d8b50b9339c7f06db7f39,El LADO OSCURO de LA NAVIDAD üéÑ Lo que no se muestra,21 K visualizaciones,hace 1 a√±o,@ClaudiaNicolasa
669d8b50b9339c7f06db7f3a,PSIC√ìLOGA ANALIZA la HOGUERA de PAOLA Y ANDREU üçéüêç La Isla De Las Tentaciones 5,51 K visualizaciones,hace 1 a√±o,@ClaudiaNicolasa
669d8b50b9339c7f06db7f3b,PSIC√ìLOGA ANALIZA el REENCUENTRO de SARA Y MANUEL de La ISLA DE LAS TENTACIONES üçéüêç,55 K visualizaciones,hace 1 a√±o,@ClaudiaNicolasa
669d8b50b9339c7f06db7f3c,PSIC√ìLOGA ANALIZA LA HOGUERA DE CLAUDIA y JAVI üçéüêç La Isla De Las Tentaciones 5,73 K visualizaciones,hace 1 a√±o,@ClaudiaNicolasa
669d8b50b9339c7f06db7f3d,PSIC√ìLOGA ANALIZA AVATAR 2 y SUS PERSONAJES | La Psicolog√≠a Oculta de AVATAR,22 K visualizaciones,hace 1 a√±o,@ClaudiaNicolasa
669d8b50b9339c7f06db7f3e,MIS SEGUIDORES ME ANALIZAN PSICOL√ìGICAMENTE üò± (MUY INTERESANTE) | ESPECIAL 200.000 SUSCRIPTORES ü•≥,22 K visualizaciones,hace 1 a√±o,@ClaudiaNicolasa
669d8b50b9339c7f06db7f3f,PSIC√ìLOGO ME ANALIZA üò≥ Especial 200.000 SUSCRIPTORES | Claudia Nicolasa,47 K visualizaciones,hace 1 a√±o,@ClaudiaNicolasa
669d8b50b9339c7f06db7f40,APEGO ANSIOSO y APEGO EVITATIVO EN PAREJA ‚ù§Ô∏è‚Äçü©π ¬øC√ìMO SE COMPORTAN? | Claudia Nicolasa,52 K visualizaciones,hace 1 a√±o,@ClaudiaNicolasa
669d8b50b9339c7f06db7f41,PSIC√ìLOGA ANALIZA la INFIDELIDAD DE TANIA en LA ISLA DE LAS TENTACIONES 5 üçéüêç,67 K visualizaciones,hace 1 a√±o,@ClaudiaNicolasa
669d8b50b9339c7f06db7f42,PSIC√ìLOGA ANALIZA a MERLINA ADDAMS üíÄ AN√ÅLISIS PSICOL√ìGICO de MI√âRCOLES,108 K visualizaciones,hace 1 a√±o,@ClaudiaNicolasa
669d8b50b9339c7f06db7f43,PSIC√ìLOGA ANALIZA a JAVI en LA ISLA DE LAS TENTACIONES 5 üçéüêç,73 K visualizaciones,hace 1 a√±o,@ClaudiaNicolasa
669d8b50b9339c7f06db7f44,PSIC√ìLOGA EXPLICA EL TRASTORNO de LOS RENGLONES TORCIDOS DE DIOS,254 K visualizaciones,hace 1 a√±o,@ClaudiaNicolasa
669d8b50b9339c7f06db7f45,PSIC√ìLOGA ANALIZA la HOGUERA de CRISTIAN y ANA üçéüêç ISLA de Las TENTACIONES 5,97 K visualizaciones,hace 1 a√±o,@ClaudiaNicolasa
669d8b50b9339c7f06db7f46,AMOR CON FIANZA | PSIC√ìLOGA ANALIZA A LAS PAREJAS ‚ù§Ô∏è‚Äçüî•,30 K visualizaciones,hace 1 a√±o,@ClaudiaNicolasa
669d8b50b9339c7f06db7f47,AS√ç TE MANIPULAN CON HACKING PSICOL√ìGICO üò± T√âCNICAS que USAN los CYBERDELINCUENTES para ENGA√ëARTE,16 K visualizaciones,hace 1 a√±o,@ClaudiaNicolasa
669d8b50b9339c7f06db7f48,COMO MEJORAR LA AUTOESTIMA | CLAVES PSICOL√ìGICAS para GANAR SEGURIDAD üíó Mindhunt Academy,24 K visualizaciones,hace 1 a√±o,@ClaudiaNicolasa
669d8b50b9339c7f06db7f49,ADICCI√ìN AL CONFLICTO EN PAREJA | ¬øPOR QU√â PELEO TANTO CON MI PAREJA?,34 K visualizaciones,hace 1 a√±o,@ClaudiaNicolasa
669d8b50b9339c7f06db7f4a,QU√â OCURRE si un PSIC√ìPATA VA A TERAPIA? üò± TERAPIA EN PSIC√ìPATAS,138 K visualizaciones,hace 1 a√±o,@ClaudiaNicolasa
669d8b50b9339c7f06db7f4b,"CONSULTORIO DE PAREJA: INFIDELIDAD, CELOS, DEPENDENCIA EMOCIONAL, PROBLEMAS EN LA CAMA üíî #Mindhunt",40 K visualizaciones,hace 1 a√±o,@ClaudiaNicolasa
669d8b50b9339c7f06db7f4c,REACCIONANDO a VUESTRAS RUPTURAS üíî#5 | Claudia Nicolasa Psicolog√≠a,45 K visualizaciones,hace 1 a√±o,@ClaudiaNicolasa
669d8b50b9339c7f06db7f4d,CU√ÅNDO PERDONAR UNA INFIDELIDAD üíî 7 CLAVES para saber si continuar tu relaci√≥n tras una infidelidad,50 K visualizaciones,hace 1 a√±o,@ClaudiaNicolasa
669d8b50b9339c7f06db7f4e,PSIC√ìLOGA ANALIZA MONOTON√çA de SHAKIRA y los MENSAJES OCULTOS del VIDEOCLIP üíî,806 K visualizaciones,hace 1 a√±o,@ClaudiaNicolasa
669d8b50b9339c7f06db7f4f,PSIC√ìLOGA ANALIZA la RELACI√ìN de CLAUDIA Y JAVI üçéüêç La ISLA DE LAS TENTACIONES 5,54 K visualizaciones,hace 1 a√±o,@ClaudiaNicolasa
669d8b50b9339c7f06db7f50,PSIC√ìLOGA ANALIZA SI MIENTE LAURA o MARIO üëÅ La ISLA De Las TENTACIONES 5 üçéüêç,99 K visualizaciones,hace 1 a√±o,@ClaudiaNicolasa
669d8b50b9339c7f06db7f51,PSIC√ìLOGOS ANALIZAN a JEFF DAHMER en PROFUNIDAD | ¬øPor qu√© cometi√≥ horribles cr√≠menes?,35 K visualizaciones,hace 1 a√±o,@ClaudiaNicolasa
669d8b50b9339c7f06db7f52,LAS PROFESIONES CON M√ÅS PSIC√ìPATAS üòà ¬øQu√© carreras eligen los psic√≥patas?,90 K visualizaciones,hace 1 a√±o,@ClaudiaNicolasa
669d8b50b9339c7f06db7f53,INTRODUCCI√ìN a LOS TRASTORNOS DE PERSONALIDAD | Clase abierta en Mindhunt Academy,24 K visualizaciones,hace 1 a√±o,@ClaudiaNicolasa
669d8b50b9339c7f06db7f54,REACCIONANDO a VUESTRAS RUPTURAS üíî#4 | Claudia Nicolasa Psicolog√≠a,40 K visualizaciones,hace 1 a√±o,@ClaudiaNicolasa
669d8b50b9339c7f06db7f55,JEFF DAHMER | AN√ÅLISIS PSICOL√ìGICO y TRASTORNOS | ¬øPor qu√© Dahmer no era psic√≥pata?,507 K visualizaciones,hace 1 a√±o,@ClaudiaNicolasa
669d8b50b9339c7f06db7f56,NARCISISTA o APEGO EVITATIVO? ‚ù§Ô∏è‚Äçü©π 7 TIPS para DISTINGUIRLOS | Claudia Nicolasa,166 K visualizaciones,hace 1 a√±o,@ClaudiaNicolasa
669d8b50b9339c7f06db7f57,TAMARA FALC√ì vive una INFIDELIDAD antes de CASARSE üò± ¬øPor qu√© somos infieles en relaciones felices?,67 K visualizaciones,hace 1 a√±o,@ClaudiaNicolasa
669d8b50b9339c7f06db7f58,RISTO MEJIDE y LAURA ESCANES ROMPEN üíî PSIC√ìLOGA REACCIONA al POL√âMICO TIK TOK,113 K visualizaciones,hace 1 a√±o,@ClaudiaNicolasa
669d8b50b9339c7f06db7f59,LA PERSONALIDAD INFIEL üòà 6 claves para saber si TU PAREJA TE SER√Å INFIEL | Claudia Nicolasa,78 K visualizaciones,hace 1 a√±o,@ClaudiaNicolasa
669d8b50b9339c7f06db7f5a,PSIC√ìLOGA ANALIZA a LAS PAREJAS de LA ISLA DE LAS TENTACIONES 5 üçéüêç | lidlt5,105 K visualizaciones,hace 1 a√±o,@ClaudiaNicolasa
669d8b50b9339c7f06db7f5b,PAREJAS NARCISISTAS üòà 8 claves para saber si TU PAREJA ES NARCISISTA,146 K visualizaciones,hace 1 a√±o,@ClaudiaNicolasa
669d8b50b9339c7f06db7f5c,REACCIONANDO a VUESTRAS RUPTURAS üíî#3 | Claudia Nicolasa Psicolog√≠a,44 K visualizaciones,hace 1 a√±o,@ClaudiaNicolasa
669d8b50b9339c7f06db7f5d,8 CLAVES PARA DETECTAR a UN NARCISISTA | Narcisismo c√≥mo identificarlo,109 K visualizaciones,hace 1 a√±o,@ClaudiaNicolasa
669d8b50b9339c7f06db7f5e,REACCIONANDO a VUESTRAS RUPTURAS üíî#2 | Claudia Nicolasa Psicolog√≠a,55 K visualizaciones,hace 1 a√±o,@ClaudiaNicolasa
669d8b50b9339c7f06db7f5f,REACCIONANDO a VUESTRAS RUPTURAS üíî Dos novias a la vez?! üò±,52 K visualizaciones,hace 1 a√±o,@ClaudiaNicolasa
669d8b50b9339c7f06db7f60,Por qu√© ROMPEN las PAREJAS EN VERANO? üíî,33 K visualizaciones,hace 1 a√±o,@ClaudiaNicolasa
669d8b50b9339c7f06db7f61,PSIC√ìLOGA REACCIONA a V√çDEOS DE BORJA ESCALONA,121 K visualizaciones,hace 1 a√±o,@ClaudiaNicolasa
669d8b50b9339c7f06db7f62,BORJA ESCALONA | PSIC√ìLOGA LO ANALIZA,211 K visualizaciones,hace 1 a√±o,@ClaudiaNicolasa
669d8b50b9339c7f06db7f63,C√≥mo SUPERAR las CR√çTICAS y ALCANZAR TUS OBJETIVOS | Claudia Nicolasa,18 K visualizaciones,hace 1 a√±o,@ClaudiaNicolasa
669d8b50b9339c7f06db7f64,MUJERES PSIC√ìPATAS | C√≥mo son y c√≥mo identificarlas,128 K visualizaciones,hace 2 a√±os,@ClaudiaNicolasa
669d8b50b9339c7f06db7f65,El TRASTORNO del ASESINO de BLACK PHONE,81 K visualizaciones,hace 2 a√±os,@ClaudiaNicolasa
669d8b50b9339c7f06db7f66,El PERFIL PSICOL√ìGICO de UN HACKER üò± CIBERDELINCUENTES,24 K visualizaciones,hace 2 a√±os,@ClaudiaNicolasa
669d8b50b9339c7f06db7f67,"TRASTORNO de PERSONALIDAD DEPENDIENTE | S√≠ntomas, Relaci√≥n con Narcisismo y Causas",51 K visualizaciones,hace 2 a√±os,@ClaudiaNicolasa
669d8b50b9339c7f06db7f68,PSIC√ìLOGA EXPLICA el ¬¥TRASTORNO¬¥ DE ZOE üå¥ Isla De Las Tentaciones 4,76 K visualizaciones,hace 2 a√±os,@ClaudiaNicolasa
669d8b50b9339c7f06db7f69,C√ìMO PONER L√çMITES y HACERTE RESPETAR | CLASE ABIERTA de MINDHUNT ACADEMY üß†,40 K visualizaciones,hace 2 a√±os,@ClaudiaNicolasa
669d8b50b9339c7f06db7f6a,C√ìMO RECUPERAR la PASI√ìN y el DESEO EN PAREJA | Claudia Nicolasa,43 K visualizaciones,hace 2 a√±os,@ClaudiaNicolasa
669d8b50b9339c7f06db7f6b,15 COSAS SOBRE M√ç | CLAUDIA NICOLASA,50 K visualizaciones,hace 2 a√±os,@ClaudiaNicolasa
669d8b50b9339c7f06db7f6c,LOS 4 TIPOS DE PSIC√ìPATAS | Tipos de PSICOPAT√çA,100 K visualizaciones,hace 2 a√±os,@ClaudiaNicolasa
669d8b50b9339c7f06db7f6d,AS√ç TE ENAMORA un NARCISISTA üòà,93 K visualizaciones,hace 2 a√±os,@ClaudiaNicolasa
669d8b50b9339c7f06db7f6e,MAQUILLAJE para ATRAER al CEREBRO INCONSCIENTE PRIMITIVO | Psicolog√≠a de la atracci√≥n,59 K visualizaciones,hace 2 a√±os,@ClaudiaNicolasa
669d8b50b9339c7f06db7f6f,Los PSIC√ìLOGOS DESTROZAMOS FAMILIAS üò± (REAL),36 K visualizaciones,hace 2 a√±os,@ClaudiaNicolasa
669d8b50b9339c7f06db7f70,Puede AMBER HEARD USAR su TRASTORNO como DEFENSA? | PSIC√ìLOGA LO EXPLICA,69 K visualizaciones,hace 2 a√±os,@ClaudiaNicolasa
669d8b50b9339c7f06db7f71,PSIC√ìLOGA EXPLICA LOS TRASTORNOS de AMBER HEARD | Claudia Nicolasa,129 K visualizaciones,hace 2 a√±os,@ClaudiaNicolasa
669d8b50b9339c7f06db7f72,IR AL PSIC√ìLOGO ES CARO | RESPUESTA A ALEXELCAPO,55 K visualizaciones,hace 2 a√±os,@ClaudiaNicolasa
669d8b50b9339c7f06db7f73,PSICOLOGA ANALIZA la RELACI√ìN DE WILL SMITH y JADA SMITH,247 K visualizaciones,hace 2 a√±os,@ClaudiaNicolasa
669d8b50b9339c7f06db7f74,PSIC√ìLOGA ANALIZA a WILL SMITH y la BOFETADA en LOS OSCARS üò±,68 K visualizaciones,hace 2 a√±os,@ClaudiaNicolasa
669d8b50b9339c7f06db7f75,PSIC√ìLOGA ANALIZA DEEP WATER | AGUAS PROFUNDAS,39 K visualizaciones,hace 2 a√±os,@ClaudiaNicolasa
669d8b50b9339c7f06db7f76,El TRASTORNO de BRUCE WILLIS | PSIC√ìLOGA LO EXPLICA,34 K visualizaciones,hace 2 a√±os,@ClaudiaNicolasa
669d8b50b9339c7f06db7f77,PSIC√ìLOGA ANALIZA al XOKAS | ELXOKAS y la POL√âMICA de sus CUENTAS SECUNDARIAS,249 K visualizaciones,hace 2 a√±os,@ClaudiaNicolasa
669d8b50b9339c7f06db7f78,C√ìMO PERDONAR y SOLTAR EL PASADO | Truco Psicol√≥gico,55 K visualizaciones,hace 2 a√±os,@ClaudiaNicolasa
669d8b50b9339c7f06db7f79,El TRASTORNO de ANNA DELVEY la ESTAFADORA de FAMOSOS,81 K visualizaciones,hace 2 a√±os,@ClaudiaNicolasa
669d8b50b9339c7f06db7f7a,PSIC√ìLOGA ANALIZA a VLADIMIR PUTIN,396 K visualizaciones,hace 2 a√±os,@ClaudiaNicolasa
669d8b50b9339c7f06db7f7b,POSITIVIDAD TOXICA y LIBROS DE AUTOAYUDA,65 K visualizaciones,hace 2 a√±os,@ClaudiaNicolasa
669d8b50b9339c7f06db7f7c,EFECTOS PSICOL√ìGICOS de USAR FILTROS de INSTAGRAM üò®,55 K visualizaciones,hace 2 a√±os,@ClaudiaNicolasa
669d8b50b9339c7f06db7f7d,MI SORPRESA DE SAN VALENT√çN üò±üî•,17 K visualizaciones,hace 2 a√±os,@ClaudiaNicolasa
669d8b50b9339c7f06db7f7e,Qu√© CR√çMEN comete cada TRASTORNO PSICOL√ìGICO? üî™ PSICOLOG√çA FORENSE,60 K visualizaciones,hace 2 a√±os,@ClaudiaNicolasa
669d8b50b9339c7f06db7f7f,PSIC√ìLOGA ANALIZA al TIMADOR DE TINDER Y SUS V√çCTIMAS üî•,137 K visualizaciones,hace 2 a√±os,@ClaudiaNicolasa
669d8b50b9339c7f06db7f80,PSIC√ìLOGA REACCIONA a TIK TOKS de LIGAR y SEDUCIR üòÇ (No hagas esto),104 K visualizaciones,hace 2 a√±os,@ClaudiaNicolasa
669d8b50b9339c7f06db7f81,C√≥mo es el AMOR EN COREA? üíó PSIC√ìLOGA ANALIZA INFIERNO PARA SOLTEROS üî•,100 K visualizaciones,hace 2 a√±os,@ClaudiaNicolasa
669d8b50b9339c7f06db7f82,EYE DETECT de AMOR CON FIANZA üíó DETECTOR de MENTIRAS ¬øFUNCIONA?,45 K visualizaciones,hace 2 a√±os,@ClaudiaNicolasa
669d8b50b9339c7f06db7f83,¬øEs AMOR o DEPENDENCIA? üíî 9 CLAVES para IDENTIFICAR la DEPENDENCIA EMOCIONAL,88 K visualizaciones,hace 2 a√±os,@ClaudiaNicolasa
669d8b50b9339c7f06db7f84,PSIC√ìLOGA ANALIZA el REENCUENTRO de TANIA y STEVEN üî™ QUI√âN MIENTE? üçéüêç,248 K visualizaciones,hace 2 a√±os,@ClaudiaNicolasa
669d8b50b9339c7f06db7f85,PSIC√ìLOGA ANALIZA la HOGUERA de TANIA y ALEJANDRO üçéüêç ISLA de LAS TENTACIONES 4,108 K visualizaciones,hace 2 a√±os,@ClaudiaNicolasa
669d8b50b9339c7f06db7f86,PSIC√ìLOGA ANALIZA la HOGUERA ROSARIO y √ÅLVARO üçéüêç,96 K visualizaciones,hace 2 a√±os,@ClaudiaNicolasa
669d8b50b9339c7f06db7f87,PSIC√ìLOGA ANALIZA la HOGUERA de SANDRA Y DAR√çO üçéüêçLa ISLA DE LAS TENTACIONES 4,89 K visualizaciones,hace 2 a√±os,@ClaudiaNicolasa
669d8b50b9339c7f06db7f88,La POL√âMICA de PAZ PADILLA con EL AMOR y EL MALTRATO | PSIC√ìLOGA REACCIONA üß†,109 K visualizaciones,hace 2 a√±os,@ClaudiaNicolasa
669d8b50b9339c7f06db7f89,PSIC√ìLOGA REACCIONA al RAPERO con BULIMIA de TIK TOK üé§,43 K visualizaciones,hace 2 a√±os,@ClaudiaNicolasa
669d8b50b9339c7f06db7f8a,"13 TIPOS de DEPRESI√ìN | At√≠pica, Sonriente, Estacional, Enmascarada, Biol√≥gica‚Ä¶",144 K visualizaciones,hace 2 a√±os,@ClaudiaNicolasa
669d8b50b9339c7f06db7f8b,Por qu√© SANDRA ha sido INFIEL a DAR√çO? üçéüêç ISLA de las TENTACIONES 4,104 K visualizaciones,hace 2 a√±os,@ClaudiaNicolasa
669d8b50b9339c7f06db7f8c,PSIC√ìLOGA ANALIZA la RELACI√ìN de GALA Y NICO üíî Qu√© es el AMOR VAC√çO?,118 K visualizaciones,hace 2 a√±os,@ClaudiaNicolasa
669d8b50b9339c7f06db7f8d,PSIC√ìLOGA ANALIZA ESCENAS de VER√ìNICA FORQU√â en MASTERCHEF | se√±ales de que necesitamos ayuda üôèüèº,439 K visualizaciones,hace 2 a√±os,@ClaudiaNicolasa
669d8b50b9339c7f06db7f8e,APEGO EVITATIVO | ¬øC√≥mo es una persona evitativa? Claudia Nicolasa Psicolog√≠a,177 K visualizaciones,hace 2 a√±os,@ClaudiaNicolasa
669d8b50b9339c7f06db7f8f,La PSICOLOG√çA de la PERSONA DESORDENADA üè† El ENTORNO nos AFECTA,56 K visualizaciones,hace 2 a√±os,@ClaudiaNicolasa
669d8b50b9339c7f06db7f90,ALEJANDRO SUFRE un ATAQUE DE ANSIEDAD ü•µ en la ISLA DE LAS TENTACIONES 4 üçéüêç,110 K visualizaciones,hace 2 a√±os,@ClaudiaNicolasa
669d8b50b9339c7f06db7f91,ATRACONES | CAUSAS y C√ìMO SUPERARLOS,45 K visualizaciones,hace 2 a√±os,@ClaudiaNicolasa
669d8b50b9339c7f06db7f92,RELACIONES T√ìXICAS y CELOS üò± Lo que no te han contado | Claudia Nicolasa,34 K visualizaciones,hace 2 a√±os,@ClaudiaNicolasa
669d8b50b9339c7f06db7f93,Ser CELOSO NO es MALO üò± Lo que nunca te han contado sobre los CELOS üíî,115 K visualizaciones,hace 2 a√±os,@ClaudiaNicolasa
669d8b50b9339c7f06db7f94,ERRORES al LIGAR y SEDUCIR üçéüêç C√≥mo TENTAR en LA ISLA DE LAS TENTACIONES,122 K visualizaciones,hace 2 a√±os,@ClaudiaNicolasa
669d8b50b9339c7f06db7f95,PSIC√ìLOGA ANALIZA las PAREJAS de la ISLA DE LAS TENTACIONES 4 üçéüêç,180 K visualizaciones,hace 2 a√±os,@ClaudiaNicolasa
669d8b50b9339c7f06db7f96,The BLACK ALIEN PROYECT tiene S√çNDROME DEL MIEMBRO FANTASMA üò±,95 K visualizaciones,hace 2 a√±os,@ClaudiaNicolasa
669d8b50b9339c7f06db7f97,4 T√âCNICAS de MANIPULACI√ìN que FANI UTILIZA CON CHRISTOPHER üçéüêç La √öLTIMA TENTACI√ìN,132 K visualizaciones,hace 2 a√±os,@ClaudiaNicolasa
669d8b50b9339c7f06db7f98,El ASESINO que MATABA PARA SER FAMOSO üî™ LUKA MAGNOTTA,105 K visualizaciones,hace 2 a√±os,@ClaudiaNicolasa
669d8b50b9339c7f06db7f99,PSIC√ìLOGA ANALIZA a ANDREA üçéüêç Isla De Las Tentaciones,126 K visualizaciones,hace 2 a√±os,@ClaudiaNicolasa
669d8b50b9339c7f06db7f9a,La ESTRATEGIA de MANIPULACI√ìN üòà de NICOLE en INSIDERS,74 K visualizaciones,hace 2 a√±os,@ClaudiaNicolasa
669d8b50b9339c7f06db7f9b,4 CASOS REALES de TRASTORNOS MENTALES TERROR√çFICOS üò± Especial Halloween üëª,119 K visualizaciones,hace 2 a√±os,@ClaudiaNicolasa
669d8b50b9339c7f06db7f9c,PSIC√ìLOGA ANALIZA a ISAAC üçéüêç ISLA DE LAS TENTACIONES | El PERFIL del INFIEL,127 K visualizaciones,hace 2 a√±os,@ClaudiaNicolasa
669d8b50b9339c7f06db7f9d,PSIC√ìLOGA RESPONDE a MARINA YERS y su ATAQUE a la PSICOLOG√çA üî™üß†,359 K visualizaciones,hace 2 a√±os,@ClaudiaNicolasa
669d8b50b9339c7f06db7f9e,"PSIC√ìLOGA ANALIZA a CRISTIAN, LESTER Y PATRI üçéüêç ¬øQUI√âN MIENTE?",96 K visualizaciones,hace 2 a√±os,@ClaudiaNicolasa
669d8b50b9339c7f06db7f9f,POR QU√â nos GUSTA VER SERIES y PEL√çCULAS? üé¨,48 K visualizaciones,hace 2 a√±os,@ClaudiaNicolasa
669d8b50b9339c7f06db7fa0,El OSCURO PERFIL de PERSONALIDAD del HATER üíÄBELA recibe AMENAZAS de MUERTE üçéüêç La √öltima Tentaci√≥n,86 K visualizaciones,hace 2 a√±os,@ClaudiaNicolasa
669d8b50b9339c7f06db7fa1,La VERDAD sobre POR QU√â MARINA HA VUELTO con JES√öS üçéüêç La √öLTIMA TENTACI√ìN,203 K visualizaciones,hace 2 a√±os,@ClaudiaNicolasa
669d8b50b9339c7f06db7fa2,3 TRUCOS para GANAR TODAS las DISCUSIONES üß†üèÜ,61 K visualizaciones,hace 2 a√±os,@ClaudiaNicolasa
669d8b50b9339c7f06db7fa3,JUEGO DEL CALAMAR | EXPLICACI√ìN PSICOL√ìGICA y AN√ÅLISIS de los PERSONAJES,140 K visualizaciones,hace 2 a√±os,@ClaudiaNicolasa
669d8b50b9339c7f06db7fa4,PSIC√ìLOGA ANALIZA el CARA A CARA de LUC√çA y MARINA üî• Una miente!! üò±,164 K visualizaciones,hace 2 a√±os,@ClaudiaNicolasa
669d8b50b9339c7f06db7fa5,PSIC√ìLOGA ANALIZA la √öLTIMA TENTACI√ìN üçéüêç TORTURAN a los CONCURSANTES üò±,77 K visualizaciones,hace 2 a√±os,@ClaudiaNicolasa
669d8b50b9339c7f06db7fa6,C√≥mo la ISLA te MANIPULA para que seas INFIELüçéüêç Secretos de la Isla de las Tentaciones,126 K visualizaciones,hace 2 a√±os,@ClaudiaNicolasa
669d8b50b9339c7f06db7fa7,3 TRUCOS para PILLAR a UN MENTIROSO üîç CASO WATTS,131 K visualizaciones,hace 2 a√±os,@ClaudiaNicolasa
669d8b50b9339c7f06db7fa8,Por qu√© los PACIENTES SE ENAMORAN de SU PSIC√ìLOGO? üò±üíò,36 K visualizaciones,hace 2 a√±os,@ClaudiaNicolasa
669d8b50b9339c7f06db7fa9,C√≥mo GANAR AUTOESTIMA y SEGURIDAD | Truco Psicol√≥gico | Claudia Nicolasa Psicolog√≠a,102 K visualizaciones,hace 2 a√±os,@ClaudiaNicolasa
669d8b50b9339c7f06db7faa,La C√ÅRCEL M√ÅS RARA del MUNDO üëÆ‚Äç‚ôÇÔ∏è,17 K visualizaciones,hace 2 a√±os,@ClaudiaNicolasa
669d8b50b9339c7f06db7fab,C√ìMO SUPERAR UNA RUPTURA | Podcasts de Psicolog√≠a üé¨üß†,41 K visualizaciones,hace 3 a√±os,@ClaudiaNicolasa
669d8b50b9339c7f06db7fac,PSICOLOGA ANALIZA SEX AND LIFE üíò POR QU√â SOMOS INFIELES | 8 TIPOS de AMOR,78 K visualizaciones,hace 3 a√±os,@ClaudiaNicolasa
669d8b50b9339c7f06db7fad,MARC SEGU√ç y SUS TWEETS HOM√ìFOBOS MACHISTAS üè≥Ô∏è‚Äçüåà PSIC√ìLOGA REACCIONA,54 K visualizaciones,hace 3 a√±os,@ClaudiaNicolasa
669d8b50b9339c7f06db7fae,El TRASTORNO MENTAL de IVAR ‚öîÔ∏è VIKINGOS,56 K visualizaciones,hace 3 a√±os,@ClaudiaNicolasa
669d8b50b9339c7f06db7faf,MARINA YERS DICE que LE ENCANTA VOMITAR ü§Æ PSIC√ìLOGA REACCIONA ¬øQu√© es el VOMITING?,75 K visualizaciones,hace 3 a√±os,@ClaudiaNicolasa
669d8b50b9339c7f06db7fb0,Las 7 CLAVES del TRASTORNO LIMITE DE LA PERSONALIDAD (TLP),351 K visualizaciones,hace 3 a√±os,@ClaudiaNicolasa
669d8b50b9339c7f06db7fb1,PSIC√ìLOGA REACCIONA a ‚ÄúLA CHICA M√ÅS T√ìXICA Y CELOSA DE TIK TOK‚Äùü§™,200 K visualizaciones,hace 3 a√±os,@ClaudiaNicolasa
669d8b50b9339c7f06db7fb2,VOLVER CON MI EX PAREJA o ROMPER LA RELACI√ìN? üíî,34 K visualizaciones,hace 3 a√±os,@ClaudiaNicolasa
669d8b50b9339c7f06db7fb3,FAMOSOS CON BIPOLARIDAD y SU HISTORIA ü§ë,92 K visualizaciones,hace 3 a√±os,@ClaudiaNicolasa
669d8b50b9339c7f06db7fb4,3 CLAVES para IDENTIFICAR a UNA MALA PERSONA üîç,225 K visualizaciones,hace 3 a√±os,@ClaudiaNicolasa
669d8b50b9339c7f06db7fb5,TRASTORNO BIPOLAR y S√çNTOMAS de un EPISODIO MAN√çACO üé≠,66 K visualizaciones,hace 3 a√±os,@ClaudiaNicolasa
669d8b50b9339c7f06db7fb6,PSIC√ìLOGA ANALIZA al ASESINO PSIC√ìPATA de LA SERPIENTE üòàüî™,64 K visualizaciones,hace 3 a√±os,@ClaudiaNicolasa
669d8b50b9339c7f06db7fb7,ENTREVISTA a DIEGO üçéüêç ISLA DE LAS TENTACIONES | Se abre y cuenta TODO üò±,128 K visualizaciones,hace 3 a√±os,@ClaudiaNicolasa
669d8b50b9339c7f06db7fb8,¬øC√≥mo es CONCURSAR en LA ISLA DE LAS TENTACIONES? üçéüêç La VERDAD TRAS LAS C√ÅMARAS üò±,164 K visualizaciones,hace 3 a√±os,@ClaudiaNicolasa
669d8b50b9339c7f06db7fb9,PSIC√ìLOGA ANALIZA la RELACI√ìN de DIEGO Y LOLA üçéüêç ISLA DE LAS TENTACIONES,104 K visualizaciones,hace 3 a√±os,@ClaudiaNicolasa
669d8b50b9339c7f06db7fba,¬øPor qu√© LARA y CLAUDIA EXAGERAN en LAS HOGUERAS? üçéüêç ISLA DE LAS TENTACIONES,97 K visualizaciones,hace 3 a√±os,@ClaudiaNicolasa
669d8b50b9339c7f06db7fbb,PSIC√ìLOGA ANALIZA a MANUEL üçéüêç ISLA DE LAS TENTACIONES,119 K visualizaciones,hace 3 a√±os,@ClaudiaNicolasa
669d8b50b9339c7f06db7fbc,Psic√≥loga explica el TRASTORNO DE MARINA YERS üß† Brotes psic√≥ticos y delirios persecutorios ü•µ,249 K visualizaciones,hace 3 a√±os,@ClaudiaNicolasa
669d8b50b9339c7f06db7fbd,PSIC√ìLOGA ANALIZA A LOLA üçéüêç ISLA DE LAS TENTACIONES,123 K visualizaciones,hace 3 a√±os,@ClaudiaNicolasa
669d8b50b9339c7f06db7fbe,PSIC√ìLOGA ANALIZA la INFIDELIDAD üòà de JES√öS con STEFANY üçéüêç ISLA DE LAS TENTACIONES 3,163 K visualizaciones,hace 3 a√±os,@ClaudiaNicolasa
669d8b50b9339c7f06db7fbf,PSIC√ìLOGA ANALIZA la GUERRA entre FIAMA y STEFANY por MANUEL üçéüêç ISLA DE LAS TENTACIONES,153 K visualizaciones,hace 3 a√±os,@ClaudiaNicolasa
669d8b50b9339c7f06db7fc0,PSIC√ìLOGA ANALIZA la HOGUERA de DIEGO üî• LENGUAJE NO VERBAL y MECANISMOS DE DEFENSA üçéüêç LIDLT 3,124 K visualizaciones,hace 3 a√±os,@ClaudiaNicolasa
669d8b50b9339c7f06db7fc1,PSIC√ìLOGA explica la üò± DOBLE INFIDELIDAD de MANUEL üçéüêç ISLA DE LAS TENTACIONES,111 K visualizaciones,hace 3 a√±os,@ClaudiaNicolasa
669d8b50b9339c7f06db7fc2,PSICOLOG√çA del COLOR y DISE√ëO üé® Podcasts de Psicolog√≠a,11 K visualizaciones,hace 3 a√±os,@ClaudiaNicolasa
669d8b50b9339c7f06db7fc3,‚ò¢Ô∏è MANIPULACI√ìN e INTERMITENCIA en PAREJA üçÖüêç ISLA DE LAS TENTACIONES,139 K visualizaciones,hace 3 a√±os,@ClaudiaNicolasa
669d8b50b9339c7f06db7fc4,Por qu√© LOLA ha sido INFIEL üòà en LA ISLA DE LAS TENTACIONES üçéüêç,102 K visualizaciones,hace 3 a√±os,@ClaudiaNicolasa
669d8b50b9339c7f06db7fc5,Por qu√© MARINA ha sido INFIEL üòà en la ISLA DE LAS TENTACIONES üçéüêçPSIC√ìLOGA lo explica,99 K visualizaciones,hace 3 a√±os,@ClaudiaNicolasa
669d8b50b9339c7f06db7fc6,ISLA DE LAS TENTACIONES 3 üçéüêç PSICOLOGA ANALIZA las PAREJAS,177 K visualizaciones,hace 3 a√±os,@ClaudiaNicolasa
669d8b50b9339c7f06db7fc7,Curar FOBIAS con REALIDAD VIRTUAL üï∑üêçPODCASTS de PSICOLOG√çA,"3,1 K visualizaciones",hace 3 a√±os,@ClaudiaNicolasa
669d8b50b9339c7f06db7fc8,CASO REAL | C√≥mo es VIVIR CON TRASTORNO OBSESIVO COMPULSIVO ü§Ø CASO REAL,36 K visualizaciones,hace 3 a√±os,@ClaudiaNicolasa
669d8b50b9339c7f06db7fc9,PSIC√ìLOGA ANALIZA el TRASTORNO de PATRIOTA üá∫üá∏ HOMELANDER,88 K visualizaciones,hace 3 a√±os,@ClaudiaNicolasa
669d8b50b9339c7f06db7fca,¬øPor qu√© NOS ENGANCHAN las PERSONAS DIF√çCILES? üíî C√≥mo SUPERAR un RECHAZO,66 K visualizaciones,hace 3 a√±os,@ClaudiaNicolasa
669d8b50b9339c7f06db7fcb,"TRASTORNO OBSESIVO COMPULSIVO ü§Ø S√çNTOMAS, CAUSAS Y FUNCIONAMIENTO",47 K visualizaciones,hace 3 a√±os,@ClaudiaNicolasa
669d8b50b9339c7f06db7fcc,¬øPor qu√© somos INFIELES por NATURALEZA? üíîüß¨,52 K visualizaciones,hace 3 a√±os,@ClaudiaNicolasa
669d8b50b9339c7f06db7fcd,"CELOS, PROMISCUIDAD y su relaci√≥n con la GEN√âTICA üß¨ | PODCASTS de PSICOLOG√çA üß†üé§",35 K visualizaciones,hace 3 a√±os,@ClaudiaNicolasa
669d8b50b9339c7f06db7fce,La INFIDELIDAD y TAMA√ëO DEL MIEMBRO est√°n MUY relacionados üçÜüíó,194 K visualizaciones,hace 3 a√±os,@ClaudiaNicolasa
669d8b50b9339c7f06db7fcf,ASMR CUENTOS de PSICOLOG√çA para antes de DORMIR | El elefante encadenado üêò,12 K visualizaciones,hace 3 a√±os,@ClaudiaNicolasa
669d8b50b9339c7f06db7fd0,El ERROR QUE M√ÅS COMETEMOS EN PAREJA üíî,107 K visualizaciones,hace 3 a√±os,@ClaudiaNicolasa
669d8b50b9339c7f06db7fd1,El mejor TRUCO para DEJAR de PROCRASTINAR üö´,36 K visualizaciones,hace 3 a√±os,@ClaudiaNicolasa
669d8b50b9339c7f06db7fd2,CHANTAJE EMOCIONAL üé≠ y RELACIONES T√ìXICAS üíî,62 K visualizaciones,hace 3 a√±os,@ClaudiaNicolasa
669d8b50b9339c7f06db7fd3,3 ESTRATEGIAS que usan las MUJERES üë∏ para COMPETIR por la MEJOR PAREJA | Psicolog√≠a Evolucionistaüß¨,114 K visualizaciones,hace 3 a√±os,@ClaudiaNicolasa
669d8b50b9339c7f06db7fd4,PSIC√ìLOGA EXPLICA la INFIDELIDAD en las MUJERES üíî‚öî de la ISLA DE LAS TENTACIONES üå¥,133 K visualizaciones,hace 3 a√±os,@ClaudiaNicolasa
669d8b50b9339c7f06db7fd5,LA VERDAD SOBRE TOM Y MELYSSA QUE NO LE GUSTA A INTERNET ü§ë,135 K visualizaciones,hace 3 a√±os,@ClaudiaNicolasa
669d8b50b9339c7f06db7fd6,ISLA DE LAS TENTACIONES üå¥ PSIC√ìLOGA ANALIZA LAS PAREJAS üíñ,167 K visualizaciones,hace 3 a√±os,@ClaudiaNicolasa
669d8b50b9339c7f06db7fd7,GANAR al AMONG US üòà 8 TRUCOS MENTALES üß† para ser el MEJOR IMPOSTOR,20 K visualizaciones,hace 3 a√±os,@ClaudiaNicolasa
669d8b50b9339c7f06db7fd8,El MEJOR TRUCO para NO ponerte NERVIOSO ü•µ,37 K visualizaciones,hace 3 a√±os,@ClaudiaNicolasa
669d8b50b9339c7f06db7fd9,Tengo LIPEDEMA y voy a OPERARME las PIERNAS,338 K visualizaciones,hace 3 a√±os,@ClaudiaNicolasa
669d8b50b9339c7f06db7fda,LOS TRASTORNOS DEL SUE√ëO M√ÅS RAROS üòµ (y peligrosos),40 K visualizaciones,hace 3 a√±os,@ClaudiaNicolasa
669d8b50b9339c7f06db7fdb,LOS TRASTORNOS ALIMENTICIOS M√ÅS RAROS üò® (y peligrosos),34 K visualizaciones,hace 3 a√±os,@ClaudiaNicolasa
669d8b50b9339c7f06db7fdc,PSIC√ìLOGA ANALIZA A CLAY JENSEN | POR 13 RAZONES üìº,86 K visualizaciones,hace 3 a√±os,@ClaudiaNicolasa
669d8b50b9339c7f06db7fdd,PSIC√ìLOGA ANALIZA A LUCIFER üòà,100 K visualizaciones,hace 4 a√±os,@ClaudiaNicolasa
669d8b50b9339c7f06db7fde,C√ìMO TOMAR MEJORES DECISIONES | C√ìMO SUPERAR EL MIEDO AL FRACASO,"8,8 K visualizaciones",hace 4 a√±os,@ClaudiaNicolasa
669d8b50b9339c7f06db7fdf,EXPERIMENTOS PSICOL√ìGICOS CRUELES üò® ABUSO POLICIAL,12 K visualizaciones,hace 4 a√±os,@ClaudiaNicolasa
669d8b50b9339c7f06db7fe0,NO CONSIGO DEJAR A MI PAREJA üíî,29 K visualizaciones,hace 4 a√±os,@ClaudiaNicolasa
669d8b50b9339c7f06db7fe1,Son M√ÅS CELOSOS los HOMBRES o las MUJERES? üíî,66 K visualizaciones,hace 4 a√±os,@ClaudiaNicolasa
669d8b50b9339c7f06db7fe2,PSIC√ìLOGA ANALIZA FREUD NETFLIX üîÆ,15 K visualizaciones,hace 4 a√±os,@ClaudiaNicolasa
669d8b50b9339c7f06db7fe3,PSIC√ìLOGA ANALIZA THE WITCHER üßôüèº‚Äç‚ôÇÔ∏è,28 K visualizaciones,hace 4 a√±os,@ClaudiaNicolasa
669d8b50b9339c7f06db7fe4,EXPERIMENTOS PSICOL√ìGICOS M√ÅS CRUELES,46 K visualizaciones,hace 4 a√±os,@ClaudiaNicolasa
669d8b50b9339c7f06db7fe5,PSIC√ìLOGA ANALIZA EL HOYO,114 K visualizaciones,hace 4 a√±os,@ClaudiaNicolasa
669d8b50b9339c7f06db7fe6,"BOJACK Y CHARLIE HARPER, PSIC√ìLOGA LOS ANALIZA",28 K visualizaciones,hace 4 a√±os,@ClaudiaNicolasa
669d8b50b9339c7f06db7fe7,C√ìMO de MANIPULABLE ERES? üëΩ EXPERIMENTO,17 K visualizaciones,hace 4 a√±os,@ClaudiaNicolasa
669d8b50b9339c7f06db7fe8,CORONAVIRUS: VIR√ìLOGA CUENTA TODA LA VERDAD,26 K visualizaciones,hace 4 a√±os,@ClaudiaNicolasa
669d8b50b9339c7f06db7fe9,EFECTOS PSICOL√ìGICOS del CORONAVIRUS,12 K visualizaciones,hace 4 a√±os,@ClaudiaNicolasa
669d8b50b9339c7f06db7fea,SUPERAR LA MUERTE DE UN SER QUERIDO | Podcast de Psicolog√≠a,12 K visualizaciones,hace 4 a√±os,@ClaudiaNicolasa
669d8b50b9339c7f06db7feb,"TOMMY SHELBY, PSIC√ìLOGA LO ANALIZA",1 M de visualizaciones,hace 4 a√±os,@ClaudiaNicolasa
669d8b50b9339c7f06db7fec,El TRASTORNO de JOE GOLDBERG | AN√ÅLISIS PSICOL√ìGICO YOU,94 K visualizaciones,hace 4 a√±os,@ClaudiaNicolasa
669d8b50b9339c7f06db7fed,ASMR CUENTOS de PSICOLOG√çA para antes de DORMIR | Solo por amor,24 K visualizaciones,hace 4 a√±os,@ClaudiaNicolasa
669d8b50b9339c7f06db7fee,TUTORIAL MYFITNESSPAL y DIETA FLEXIBLE,13 K visualizaciones,hace 4 a√±os,@ClaudiaNicolasa
669d8b50b9339c7f06db7fef,TRAMPAS Y SESGOS COGNITIVOS EN NUTRICI√ìN,"7,8 K visualizaciones",hace 4 a√±os,@ClaudiaNicolasa
669d8b50b9339c7f06db7ff0,CASO REAL HOMBRE CON BULIMIA | Podcast de Psicolog√≠a,"8,2 K visualizaciones",hace 4 a√±os,@ClaudiaNicolasa
669d8b50b9339c7f06db7ff1,TRASTORNOS EN EL FITNESS y PROBLEMAS EN LA POST COMPETICI√ìN,"9,5 K visualizaciones",hace 4 a√±os,@ClaudiaNicolasa
669d8b50b9339c7f06db7ff2,GANAR y FIDELIZAR CLIENTES | 4 conceptos clave,"5,4 K visualizaciones",hace 4 a√±os,@ClaudiaNicolasa
669d8b50b9339c7f06db7ff3,"PERSONAS DEPENDIENTES, PROBLEM√ÅTICAS, T√ìXICAS",50 K visualizaciones,hace 4 a√±os,@ClaudiaNicolasa
669d8b50b9339c7f06db7ff4,TRASTORNO DE ANSIEDAD GENERALIZADA | CASO REAL,46 K visualizaciones,hace 4 a√±os,@ClaudiaNicolasa
669d8b50b9339c7f06db7ff5,ESTUDIAR y EMPRENDER | C√ìMO DIFERENCIARSE,14 K visualizaciones,hace 4 a√±os,@ClaudiaNicolasa
669d8b50b9339c7f06db7ff6,4 TRUCOS para SUPERAR LA TIMIDEZ,56 K visualizaciones,hace 4 a√±os,@ClaudiaNicolasa
669d8b50b9339c7f06db7ff7,Los 3 TIPOS de PERSONALIDAD,107 K visualizaciones,hace 4 a√±os,@ClaudiaNicolasa
669d8b50b9339c7f06db7ff8,ASMR CUENTOS de PSICOLOG√çA para antes de DORMIR | El verdadero valor del anillo,18 K visualizaciones,hace 4 a√±os,@ClaudiaNicolasa
669d8b50b9339c7f06db7ff9,Por qu√© NO CONSIGUES AVANZAR y CAES en el MISMO ERROR,50 K visualizaciones,hace 4 a√±os,@ClaudiaNicolasa
669d8b50b9339c7f06db7ffa,Por qu√© ESCUCHAMOS VOCES? üò±Alucinaciones auditivas,36 K visualizaciones,hace 4 a√±os,@ClaudiaNicolasa
669d8b50b9339c7f06db7ffb,PSIC√ìPATA vs PSICOSIS | C√≥mo distinguirlos,50 K visualizaciones,hace 4 a√±os,@ClaudiaNicolasa
669d8b50b9339c7f06db7ffc,"JOKER, PSIC√ìLOGA ANALIZA al PERSONAJE",404 K visualizaciones,hace 4 a√±os,@ClaudiaNicolasa
669d8b50b9339c7f06db7ffd,CREENCIAS IRRACIONALES que TE IMPIDEN AVANZAR,22 K visualizaciones,hace 4 a√±os,@ClaudiaNicolasa
669d8b50b9339c7f06db7ffe,C√≥mo VENCER a TU COMPETENCIA üèÜ,"9,1 K visualizaciones",hace 4 a√±os,@ClaudiaNicolasa
669d8b50b9339c7f06db7fff,El ENTRENAMIENTO que TODOS deber√≠amos hacer | AUTOESTIMA y FUERZA de VOLUNTAD,25 K visualizaciones,hace 4 a√±os,@ClaudiaNicolasa
669d8b50b9339c7f06db8000,SESGO DE CONFIRMACI√ìN | Tu CEREBRO te ENGA√ëA!! ‚ö†Ô∏è,34 K visualizaciones,hace 4 a√±os,@ClaudiaNicolasa
669d8b50b9339c7f06db8001,4 TRUCOS para PERSUADIR e INFLUIR en los dem√°s üòà,39 K visualizaciones,hace 5 a√±os,@ClaudiaNicolasa
669d8b50b9339c7f06db8002,El MAL de NUESTRA GENERACI√ìN üñ§,68 K visualizaciones,hace 5 a√±os,@ClaudiaNicolasa
669d8b50b9339c7f06db8003,¬øQu√© hay en un SUPERMERCADO en USA?,"9,4 K visualizaciones",hace 5 a√±os,@ClaudiaNicolasa
669d8b50b9339c7f06db8004,Entrenamiento de CU√ÅDRICEPS en GOLDS GYM | Vlog HOSTAL,20 K visualizaciones,hace 5 a√±os,@ClaudiaNicolasa
669d8b50b9339c7f06db8005,TRUCOS y SECRETOS del GOLDS GYM | Entrenamiento de Espalda,"9,1 K visualizaciones",hace 5 a√±os,@ClaudiaNicolasa
669d8b50b9339c7f06db8006,Una RUSA en USA | POR QU√â y C√ìMO me vine a CALIFORNIA ‚úàÔ∏è,32 K visualizaciones,hace 5 a√±os,@ClaudiaNicolasa
669d8b50b9339c7f06db8007,ELECCI√ìN de PAREJA ¬øEn qu√© se fijan tus GENES? | PSICOLOG√çA del AMOR ‚ù§Ô∏è,111 K visualizaciones,hace 5 a√±os,@ClaudiaNicolasa
